{"working_dir":null,"default_chunk_options":{"echo":true},"chunk_definitions":[{"row":9,"row_count":1,"visible":true,"expansion_state":0,"options":{"engine":"r","label":"setup","include":false},"document_id":"87C14BD9","chunk_id":"csetup_chunk","chunk_label":"setup"},{"row":56,"row_count":1,"visible":true,"expansion_state":0,"options":{"engine":"r","include":false,"label":"unnamed-chunk-1"},"document_id":"87C14BD9","chunk_id":"ckwt23lr85wxd","chunk_label":"unnamed-chunk-1"}],"doc_write_time":1622596894}